Track name, Artist name, Album, Playlist name, Type, ISRC
Old Time Rock & Roll,Bob Seger,Stranger In Town,Hochzeitsliste,Playlist track,USCA28600270
Don't Stop the Party,Pitbull,Global Warming,Hochzeitsliste,Playlist track,USRC11201120
"All I Do Is Win - Feat. T-Pain, Ludacris, Snoop Dogg & Rick Ross",DJ Khaled,"All I Do Is Win (Feat. T-Pain, Ludacris, Snoop Dogg & Rick Ross)",Hochzeitsliste,Playlist track,USKO11000189
Call on Me - Ryan Riback Remix,Starley,Call on Me (Remixes),Hochzeitsliste,Playlist track,AUCN31209086
Baby Got Back,Sir Mix-A-Lot,Mack Daddy,Hochzeitsliste,Playlist track,USSM19100221
Be Mine,Ofenbach,Be Mine,Hochzeitsliste,Playlist track,FR9W11620052
Kickstart My Heart,Mötley Crüe,Dr. Feelgood,Hochzeitsliste,Playlist track,USBY29900215
Over My Shoulder,Mike & The Mechanics,Beggar On a Beach of Gold,Hochzeitsliste,Playlist track,GBAAA9500015
The Sweet Escape,Gwen Stefani,The Sweet Escape (International Version),Hochzeitsliste,Playlist track,USUM70618684
Mr. Jones,Counting Crows,August And Everything After,Hochzeitsliste,Playlist track,USIR10000287
Praise You - Radio Edit,Fatboy Slim,Why Try Harder - The Greatest Hits,Hochzeitsliste,Playlist track,GBBMQ0600005
See You Again (feat. Charlie Puth),Wiz Khalifa,See You Again (feat. Charlie Puth),Hochzeitsliste,Playlist track,USAT21500313
Easy Lover,Philip Bailey,Chinese Wall,Hochzeitsliste,Playlist track,USSM19909991
Sowieso - Radio Version,Mark Forster,Sowieso (Radio Version),Hochzeitsliste,Playlist track,DEQ321700052
Move Your Feet,Junior Senior,D-D-Don't Don't Stop the Beat,Hochzeitsliste,Playlist track,DKMFA0300203
All Summer Long,Kid Rock,Rock N Roll Jesus,Hochzeitsliste,Playlist track,USAT20704333
This Is How We Do It,Montell Jordan,Best Of Montell Jordan,Hochzeitsliste,Playlist track,USUM70728132
Zusammen feat. Clueso,Die Fantastischen Vier,Zusammen feat. Clueso,Hochzeitsliste,Playlist track,DEE861702960
Senorita,Kay One,Senorita,Hochzeitsliste,Playlist track,DETO31790016
Je ne parle pas français - Beatgees Remix,Namika,Je ne parle pas français (Beatgees Remix),Hochzeitsliste,Playlist track,DEE861800676
Geile Zeit,Juli,Es ist Juli,Hochzeitsliste,Playlist track,DEN120404257
H.O.L.Y.,Alle Farben,H.O.L.Y.,Hochzeitsliste,Playlist track,DEE861800536
Phänomenal,Pietro Lombardi,Phänomenal,Hochzeitsliste,Playlist track,DEWS51800035
Traum,Cro,Melodie,Hochzeitsliste,Playlist track,DEW921300390
The Middle,Zedd,The Middle,Hochzeitsliste,Playlist track,USUM71800463
Tip Toe (feat. French Montana),Jason Derulo,Tip Toe (feat. French Montana),Hochzeitsliste,Playlist track,USWB11702102
Classic,MKTO,MKTO,Hochzeitsliste,Playlist track,USSM11301446
Came Here for Love,Sigala,Came Here for Love,Hochzeitsliste,Playlist track,GBCEN1700157
Bang Bang,Jessie J,Sweet Talker (Deluxe Version),Hochzeitsliste,Playlist track,USUM71409737
Rockabye (feat. Sean Paul & Anne-Marie),Clean Bandit,Rockabye (feat. Sean Paul & Anne-Marie),Hochzeitsliste,Playlist track,GBAHS1600363
Waiting All Night (feat. Ella Eyre),Rudimental,Waiting All Night,Hochzeitsliste,Playlist track,GBAHS1200493
Good Morning,Max Frost,Good Morning,Hochzeitsliste,Playlist track,USAT21800699
Feel It Still,Portugal. The Man,Woodstock,Hochzeitsliste,Playlist track,USAT21700437
The Fresh Prince of Bel-Air,DJ Jazzy Jeff & The Fresh Prince,Greatest Hits,Hochzeitsliste,Playlist track,USJI19000013
Return of the Mack,Mark Morrison,Return Of The Mack,Hochzeitsliste,Playlist track,GBAHT0200668
Gettin' Jiggy Wit It,Will Smith,Big Willie Style,Hochzeitsliste,Playlist track,USSM19702582
Dancing in the Moonlight,Toploader,Onka's Big Moka,Hochzeitsliste,Playlist track,GBBBL9902165
All Star,Smash Mouth,Astro Lounge,Hochzeitsliste,Playlist track,USIR19902220
Jump,Kris Kross,Totally Krossed Out,Hochzeitsliste,Playlist track,USSM19200533
Here Comes the Hotstepper - Heartical Mix,Ini Kamoze,Here Comes The Hotstepper,Hochzeitsliste,Playlist track,USSM19402084
Informer,Snow,12 Inches Of Snow,Hochzeitsliste,Playlist track,USEW19300006
Lean On,Major Lazer,Peace Is The Mission,Hochzeitsliste,Playlist track,QMUY41500008
Light It Up (feat. Nyla & Fuse ODG) [Remix],Major Lazer,Peace Is The Mission (Extended),Hochzeitsliste,Playlist track,QMUY41500182
Hot2Touch,Felix Jaehn,Hot2Touch,Hochzeitsliste,Playlist track,DEUM71707902
Temperature,Sean Paul,The Trinity,Hochzeitsliste,Playlist track,USAT20505520
Heatwave (feat. Akon),Robin Schulz,SUGAR,Hochzeitsliste,Playlist track,DEA621501129
Sorry,Justin Bieber,Purpose (Deluxe),Hochzeitsliste,Playlist track,USUM71516760
Despacito,Luis Fonsi,Shut Up Lets Dance,Hochzeitsliste,Playlist track,USUM71607007
Chasing Highs,ALMA,Chasing Highs,Hochzeitsliste,Playlist track,FIPEB1700041
Mi Gente,J Balvin,Mi Gente,Hochzeitsliste,Playlist track,FR22F1701790
"CAN'T STOP THE FEELING! (Original Song from DreamWorks Animation's ""TROLLS"")",Justin Timberlake,"CAN'T STOP THE FEELING! (Original Song from DreamWorks Animation's ""TROLLS"")",Hochzeitsliste,Playlist track,USRC11600876
This Girl (Kungs Vs. Cookin' On 3 Burners) - Kungs Vs. Cookin' On 3 Burners,Kungs,Layers,Hochzeitsliste,Playlist track,FR9W11601798
24K Magic,Bruno Mars,24K Magic,Hochzeitsliste,Playlist track,USAT21602944
Sugar (feat. Francesco Yates),Robin Schulz,Sugar (feat. Francesco Yates),Hochzeitsliste,Playlist track,DEA621501057
Yeah 3x,Chris Brown,F.A.M.E. (Deluxe Version),Hochzeitsliste,Playlist track,USJI11000230
Rather Be (feat. Jess Glynne),Clean Bandit,New Eyes,Hochzeitsliste,Playlist track,GBAHS1300498
More Than Friends (feat. Kelli-Leigh),James Hype,More Than Friends (feat. Kelli-Leigh),Hochzeitsliste,Playlist track,GBAHT1700474
Unforgettable (feat. Swae Lee) - Major Lazer Remix,French Montana,Unforgettable (feat. Swae Lee) [Major Lazer Remix],Hochzeitsliste,Playlist track,USSM11704881
Starships,Nicki Minaj,Pink Friday ... Roman Reloaded (Deluxe),Hochzeitsliste,Playlist track,USCM51200060
Mr. Brightside,The Killers,Hot Fuss,Hochzeitsliste,Playlist track,GBFFP0300052
Nobody To Love - Radio Edit,Sigma,Nobody To Love,Hochzeitsliste,Playlist track,GBSXS1400074
Get Lucky (feat. Pharrell Williams & Nile Rodgers) - Radio Edit,Daft Punk,Get Lucky (feat. Pharrell Williams & Nile Rodgers) [Radio Edit],Hochzeitsliste,Playlist track,USQX91300809
Ride Wit Me,Nelly,Country Grammar,Hochzeitsliste,Playlist track,USUR10000183
Wake Me Up - Radio Edit,Avicii,True,Hochzeitsliste,Playlist track,SEUM71301326
Levels - Radio Edit,Avicii,Levels,Hochzeitsliste,Playlist track,SEUM71100962
Like A G6,Far East Movement,Dirty Bass (Deluxe),Hochzeitsliste,Playlist track,USUM71008138
Timber,Pitbull,Global Warming: Meltdown (Deluxe Version),Hochzeitsliste,Playlist track,USRC11301695
Hello (Radio Edit) - Radio Edit,Martin Solveig,Hello,Hochzeitsliste,Playlist track,FR2PA1000030
Shape of You - Galantis Remix,Ed Sheeran,Shape of You (Galantis Remix),Hochzeitsliste,Playlist track,GBAHS1700196
Moves Like Jagger - Studio Recording From The Voice Performance,Maroon 5,Hands All Over (Revised International Standard version),Hochzeitsliste,Playlist track,USUM71109132
Ain't Your Mama,Jennifer Lopez,Ain't Your Mama,Hochzeitsliste,Playlist track,USSM11602625
One Kiss (with Dua Lipa),Calvin Harris,One Kiss (with Dua Lipa),Hochzeitsliste,Playlist track,GBARL1800368
Single Ladies (Put a Ring on It),Beyoncé,I AM...SASHA FIERCE,Hochzeitsliste,Playlist track,USSM10803760
Problem,Ariana Grande,Problem,Hochzeitsliste,Playlist track,USUM71405403
Tamam Tamam,Summer Cem,Tamam Tamam,Hochzeitsliste,Playlist track,DEA621800476
Crazy In Love (feat. Jay-Z),Beyoncé,Dangerously In Love (Alben für die Ewigkeit),Hochzeitsliste,Playlist track,USSM10305425
No Brainer,DJ Khaled,No Brainer,Hochzeitsliste,Playlist track,USSM11806283
Nevermind,Dennis Lloyd,Nevermind,Hochzeitsliste,Playlist track,USHM91642610
Jackie Chan,Tiësto,Jackie Chan,Hochzeitsliste,Playlist track,CYA111800123
Adagio For Strings - Radio Edit,Tiësto,Magikal Journey (The Hits Collection 1998-2008),Hochzeitsliste,Playlist track,DEN061003119
Fire,Ferry Corsten,L.E.F.,Hochzeitsliste,Playlist track,NLQ880500001
Thinking out Loud,Ed Sheeran,x (Deluxe Edition),Hochzeitsliste,Playlist track,GBAHS1400099
Distance,Omarion,Distance,Hochzeitsliste,Playlist track,USAT21700010
Girls Like You (feat. Cardi B),Maroon 5,Girls Like You (feat. Cardi B),Hochzeitsliste,Playlist track,USUM71805272
What's Luv? (feat. Ja-Rule & Ashanti),Fat Joe,Jealous Ones Still Envy (J.O.S.E),Hochzeitsliste,Playlist track,USAT20110293
"Colors - Coca-Cola® Anthem, 2018 FIFA World CupTM",Jason Derulo,"Colors (Coca-Cola® Anthem, 2018 FIFA World CupTM)",Hochzeitsliste,Playlist track,USWB11800449
Stir Fry,Migos,Culture II,Hochzeitsliste,Playlist track,USUM71714081
Finesse - Remix; feat. Cardi B,Bruno Mars,Finesse (Remix) [feat. Cardi B],Hochzeitsliste,Playlist track,USAT21705441
Eastside (with Halsey & Khalid),benny blanco,Eastside (with Halsey & Khalid),Hochzeitsliste,Playlist track,USUM71809132
Don't Leave Me Alone (feat. Anne-Marie),David Guetta,7,Hochzeitsliste,Playlist track,GB28K1800087
Without You (feat. Sandro Cavazza),Avicii,AVĪCI (01),Hochzeitsliste,Playlist track,SE5R71700101
D.A.N.C.E,Justice,Justice,Hochzeitsliste,Playlist track,FR0NT0700420
Jumpshot,Dawin,Sunday,Hochzeitsliste,Playlist track,USUM71606698
Promises (with Sam Smith),Calvin Harris,Promises (with Sam Smith),Hochzeitsliste,Playlist track,GBARL1801049
Need You Now - Lady Antebellum (Need You Now)(Instrumental),DJ ReDo,Need You Know (Need You Now)(Instrumental),Hochzeitsliste,Playlist track,USA371300855
Be Alright,Dean Lewis,Be Alright,Hochzeitsliste,Playlist track,AUUM71800255
Work from Home (feat. Ty Dolla $ign),Fifth Harmony,7/27 (Deluxe),Hochzeitsliste,Playlist track,USSM11600251
All Falls Down (feat. Juliander),Alan Walker,All Falls Down (feat. Juliander),Hochzeitsliste,Playlist track,NOG841715010
Gold,Kiiara,low kii savage,Hochzeitsliste,Playlist track,USAT21503773
The Middle,Zedd,The Middle,Hochzeitsliste,Playlist track,USUM71800463
Strip That Down,Liam Payne,Strip That Down,Hochzeitsliste,Playlist track,GBUM71701628
Swalla (feat. Nicki Minaj & Ty Dolla $ign),Jason Derulo,Swalla (feat. Nicki Minaj & Ty Dolla $ign),Hochzeitsliste,Playlist track,USWB11700237
My House,Flo Rida,MY HOUSE,Hochzeitsliste,Playlist track,USAT21500384
Solo (feat. Demi Lovato),Clean Bandit,Solo (feat. Demi Lovato),Hochzeitsliste,Playlist track,GBAHS1800328
Love Someone,Lukas Graham,3 (The Purple Album),Hochzeitsliste,Playlist track,USWB11801903
Taste (feat. Offset),Tyga,Taste (feat. Offset),Hochzeitsliste,Playlist track,USUYG1198481
Dream On,Aerosmith,Aerosmith,Hochzeitsliste,Playlist track,USSM10011897
Jerk It Out,Caesars,Love For The Streets,Hochzeitsliste,Playlist track,SEVBU0200002
I Wish,Skee-Lo,I Wish,Hochzeitsliste,Playlist track,USVR10300417
Still D.R.E.,Dr. Dre,2001 (Explicit Version),Hochzeitsliste,Playlist track,USIR19905031
Stoff und Schnaps,Lil' Kleine,Stoff und Schnaps,Hochzeitsliste,Playlist track,NLG661600367
The Next Episode,Dr. Dre,Project X (Original Motion Picture Soundtrack),Hochzeitsliste,Playlist track,USLZJ1545465
Bad Chick,Cro,Bad Chick,Hochzeitsliste,Playlist track,DEW921300395
HandClap,Fitz and The Tantrums,HandClap,Hochzeitsliste,Playlist track,USAT21600408
Glad You Came,VIZE,Glad You Came,Hochzeitsliste,Playlist track,DEN061800398
Bella Ciao - HUGEL Remix,El Profesor,Bella Ciao (HUGEL Remix),Hochzeitsliste,Playlist track,FR22F1800090
In My Feelings,Drake,Scorpion,Hochzeitsliste,Playlist track,USCM51800206
Mine,Bazzi,COSMIC,Hochzeitsliste,Playlist track,USAT21704227
"Boom, Boom, Boom, Boom!!",Vengaboys,Greatest Hits!,Hochzeitsliste,Playlist track,NLC529811150
Willst du,Alligatoah,Triebwerke,Hochzeitsliste,Playlist track,DEQ121319219
"Stayin' Alive - From ""Saturday Night Fever"" Soundtrack",Bee Gees,Greatest,Hochzeitsliste,Playlist track,NLF057790034
Sweet Dreams (Are Made of This) - Remastered,Eurythmics,Sweet Dreams (Are Made Of This),Hochzeitsliste,Playlist track,GBARL0300589
Schönste Zeit,Bosse,Schönste Zeit,Hochzeitsliste,Playlist track,DEUM71204647
Lena.,Pur,Hits Pur - 20 Jahre Eine Band,Hochzeitsliste,Playlist track,DEA349102148
Want to Want Me,Jason Derulo,Want To Want Me,Hochzeitsliste,Playlist track,USWB11503046
What a Feeling (feat. Irene Cara),DJ Bobo,Greatest Hits,Hochzeitsliste,Playlist track,DEMI60600007
Wake Me Up Before You Go-Go,Wham!,Make It Big,Hochzeitsliste,Playlist track,GBBBM8400002
Wouldn't It Be Good,Nik Kershaw,True Power-Ballads / 3CD set,Hochzeitsliste,Playlist track,GBBBY0300006
Shut Up and Dance,WALK THE MOON,TALKING IS HARD,Hochzeitsliste,Playlist track,USRC11401949
Lush Life,Zara Larsson,Lush Life,Hochzeitsliste,Playlist track,SEWEE1500509
Highway to Hell,AC/DC,Highway to Hell,Hochzeitsliste,Playlist track,AUAP07900028
Uptown Funk,Mark Ronson,Uptown Special,Hochzeitsliste,Playlist track,GBARL1401524
Hula Hoop,OMI,Me 4 U,Hochzeitsliste,Playlist track,USUS11500000
Ruhrgebiet,Wolfgang Petry,Sehnsucht nach Dir,Hochzeitsliste,Playlist track,DEC739300115
Jein,Fettes Brot,"Außen Top Hits, innen Geschmack",Hochzeitsliste,Playlist track,DEAH91600042
The Grosser,Fettes Brot,Demotape,Hochzeitsliste,Playlist track,DEAH90900006
This Girl - Kungs Vs. Cookin' On 3 Burners,Kungs,This Girl (Kungs Vs. Cookin' On 3 Burners),Hochzeitsliste,Playlist track,FR9W11601798
Danke!,Beginner,Gustav Gans,Hochzeitsliste,Playlist track,DEN120306015
White Tiger - Marcus Layton Radio Edit,Izzy Bizu,White Tiger (Remixes),Hochzeitsliste,Playlist track,GBARL1600308
Try Me - feat. Jennifer Lopez & Matoma,Jason Derulo,Everything Is 4,Hochzeitsliste,Playlist track,USWB11504532
Haus am See,Peter Fox,Haus am See,Hochzeitsliste,Playlist track,DEA620800624
The Mack,Nevada,The Mack,Hochzeitsliste,Playlist track,GBUM71605014
Never Give Up,Sia,"Never Give Up (From ""Lion"" Soundtrack)",Hochzeitsliste,Playlist track,USQX91602554
Last Friday Night (T.G.I.F.),Katy Perry,Teenage Dream,Hochzeitsliste,Playlist track,USCA21001264
Roar,Katy Perry,PRISM (Deluxe),Hochzeitsliste,Playlist track,USUM71308669
Firework,Katy Perry,Katy Perry - Teenage Dream: The Complete Confection,Hochzeitsliste,Playlist track,USCA21001262
Teenage Dream,Katy Perry,Teenage Dream,Hochzeitsliste,Playlist track,USCA21001255
California Gurls,Katy Perry,Katy Perry - Teenage Dream: The Complete Confection,Hochzeitsliste,Playlist track,USCA21001135
Die Da!?!,Die Fantastischen Vier,Best Of 1990 - 2005,Hochzeitsliste,Playlist track,DEE869200228
Sie ist weg,Die Fantastischen Vier,Lauschgift - Jubiläums-Edition,Hochzeitsliste,Playlist track,DEE869500515
Don't Stop Believin',Journey,Escape,Hochzeitsliste,Playlist track,USSM18100116
Livin' On A Prayer,Bon Jovi,Slippery When Wet,Hochzeitsliste,Playlist track,USPR38619998
You Shook Me All Night Long,AC/DC,Back In Black,Hochzeitsliste,Playlist track,AUAP08000047
I Want To Hold Your Hand - Remastered 2015,The Beatles,1 (Remastered),Hochzeitsliste,Playlist track,GBUM71505904
Another One Bites The Dust - Remastered 2011,Queen,The Game (Deluxe Remastered Version),Hochzeitsliste,Playlist track,GBUM71029605
The Boys Are Back in Town,Thin Lizzy,Jailbreak (Deluxe Edition),Hochzeitsliste,Playlist track,GBF087600063
Under Pressure - Remastered,Queen,Greatest Hits II,Hochzeitsliste,Playlist track,GBUM71029622
Life in the Fast Lane - 2013 Remaster,Eagles,Hotel California (Remastered),Hochzeitsliste,Playlist track,USEE11300355
(I Can't Get No) Satisfaction - Mono Version,The Rolling Stones,Out Of Our Heads,Hochzeitsliste,Playlist track,USA176510160
Walk This Way,Aerosmith,Aerosmith's Greatest Hits,Hochzeitsliste,Playlist track,USSM10024249
You Really Got Me,The Kinks,Kinks (Super Deluxe Edition),Hochzeitsliste,Playlist track,GBAJE6400005
Smells Like Teen Spirit,Nirvana,Nevermind (Remastered),Hochzeitsliste,Playlist track,USGF19942501
Louie Louie,The Kingsmen,The Best of The Kingsmen,Hochzeitsliste,Playlist track,USA370544298
Sharp Dressed Man - 2008 Remaster,ZZ Top,Eliminator,Hochzeitsliste,Playlist track,USWB10702682
Roxanne - Remastered 2003,The Police,Outlandos D'Amour,Hochzeitsliste,Playlist track,GBAAM0201086
White Wedding - Pt. 1,Billy Idol,Billy Idol,Hochzeitsliste,Playlist track,USCH30100008
Superstition,Stevie Wonder,At The Close Of A Century,Hochzeitsliste,Playlist track,USMO17200984
"Happy - From ""Despicable Me 2""",Pharrell Williams,G I R L,Hochzeitsliste,Playlist track,USQ4E1300686
Hey Ya!,OutKast,The Way You Move / Hey Ya!,Hochzeitsliste,Playlist track,USAR10300924
You Make My Dreams,Daryl Hall & John Oates,Hall & Oates,Hochzeitsliste,Playlist track,USRC10301828
Let's Dance - 1999 Remaster,David Bowie,Let's Dance,Hochzeitsliste,Playlist track,USJT19900185
Shout,Lulu,The EP Collection,Hochzeitsliste,Playlist track,GBVVQ1302154
Blurred Lines,Robin Thicke,Blurred Lines (Deluxe),Hochzeitsliste,Playlist track,USUM71307668
You Can Call Me Al,Paul Simon,Graceland (25th Anniversary Deluxe Edition),Hochzeitsliste,Playlist track,USSM11002274
Valerie (feat. Amy Winehouse) - Version Revisited,Mark Ronson,Version Digital Edition,Hochzeitsliste,Playlist track,GBARL0700173
Livin' On A Prayer,Bon Jovi,Slippery When Wet,Hochzeitsliste,Playlist track,USPR38619998
Hold My Hand,Jess Glynne,I Cry When I Laugh,Hochzeitsliste,Playlist track,GBAHS1500049
Forget You,CeeLo Green,The Lady Killer (The Platinum Edition),Hochzeitsliste,Playlist track,USAT21001778
Crazy In Love (feat. Jay-Z),Beyoncé,Dangerously In Love,Hochzeitsliste,Playlist track,USSM10305425
Teenage Dirtbag,Wheatus,Wheatus,Hochzeitsliste,Playlist track,USSM10008431
King,Years & Years,Communion (Deluxe),Hochzeitsliste,Playlist track,GBUM71406892
Good Feeling,Flo Rida,Wild Ones,Hochzeitsliste,Playlist track,USAT21101961
Beautiful Girls,Sean Kingston,Beautiful Girls,Hochzeitsliste,Playlist track,USSM10701781
Praise You - Radio Edit,Fatboy Slim,Cruel Intentions,Hochzeitsliste,Playlist track,GBBMQ9800143
Dynamite,Taio Cruz,The Rokstarr Hits Collection,Hochzeitsliste,Playlist track,GBUM71003721
Low (feat. T-Pain),Flo Rida,Mail On Sunday,Hochzeitsliste,Playlist track,USAT20705841
Year 3000,Busted,Pop Party (International Version),Hochzeitsliste,Playlist track,GBAAN0201145
Rather Be (feat. Jess Glynne),Clean Bandit,New Eyes,Hochzeitsliste,Playlist track,GBAHS1300498
Yeah! (feat. Lil Jon & Ludacris),Usher,Confessions (Expanded Edition),Hochzeitsliste,Playlist track,USAR10301423
Despacito - Remix,Luis Fonsi,Despacito Feat. Justin Bieber (Remix),Hochzeitsliste,Playlist track,USUM71703825
Poison,Alice Cooper,The Best Of Alice Cooper,Hochzeitsliste,Playlist track,USSM18900004
Schüttel deinen Speck,Peter Fox,Stadtaffe,Hochzeitsliste,Playlist track,DEA620800631
Kids (2 Finger an den Kopf),Marteria,Zum Glück in die Zukunft II,Hochzeitsliste,Playlist track,DEQ321300396
Bye Bye Bye,*NSYNC,No Strings Attached,Hochzeitsliste,Playlist track,USJI10000001
Oh Jonny,Jan Delay,Wir Kinder vom Bahnhof Soul (Re-Release),Hochzeitsliste,Playlist track,DEUM70903106
Got 2 Luv U (feat. Alexis Jordan),Sean Paul,Tomahawk Technique,Hochzeitsliste,Playlist track,USAT21101550
Hangover,Taio Cruz,TY.O (International Version),Hochzeitsliste,Playlist track,GBUM71108857
Riot Girl,Good Charlotte,The Young and The Hopeless,Hochzeitsliste,Playlist track,USSM10209834
Dickes B (feat. Black Kappa),Seeed,Next! (New International Version),Hochzeitsliste,Playlist track,DEA620101390
Raise Your Glass,P!nk,Raise Your Glass,Hochzeitsliste,Playlist track,USLF21000090
Was Du Liebe nennst,Bausa,Was Du Liebe nennst,Hochzeitsliste,Playlist track,DEA621702378
Ruhrgebiet,Wolfgang Petry,40 Jahre - 40 Hits,Hochzeitsliste,Playlist track,DEC739300115
Get Low Remix,Elephant Man,Part II,Hochzeitsliste,Playlist track,USTV10300122
Africa,Toto,80s 100 Hits,Hochzeitsliste,Playlist track,USSM19802957
MMMBop - Single Version,Hanson,Guilty Pleasures (International Version),Hochzeitsliste,Playlist track,USMR19786993
Everybody Talks,Neon Trees,Picture Show,Hochzeitsliste,Playlist track,USUM71119189
Hip Teens Don't Wear Blue Jeans - Original Version,Frank Popp Ensemble,Ride On!,Hochzeitsliste,Playlist track,DEN970100012
High Hopes,Panic! At The Disco,Pray For The Wicked,Hochzeitsliste,Playlist track,USAT21801174
When The Sun Goes Down,Arctic Monkeys,"Whatever People Say I Am, That's What I'm Not",Hochzeitsliste,Playlist track,GBCEL0501190
I Bet You Look Good On The Dancefloor,Arctic Monkeys,"Whatever People Say I Am, That's What I'm Not",Hochzeitsliste,Playlist track,GBCEL0501181
She Moves In Her Own Way,The Kooks,Inside In / Inside Out,Hochzeitsliste,Playlist track,GBAAA0500835
Take Me Out,Franz Ferdinand,Franz Ferdinand,Hochzeitsliste,Playlist track,USSM10402947
Last Nite,The Strokes,Is This It,Hochzeitsliste,Playlist track,USRC10100765
Banquet,Bloc Party,Silent Alarm (U.S. Version),Hochzeitsliste,Playlist track,GBDNH0400385
Mr. Brightside,The Killers,Hot Fuss,Hochzeitsliste,Playlist track,USIR20400274
Feel Good Inc,Gorillaz,Demon Days,Hochzeitsliste,Playlist track,GBAYE0500172
Fake Tales Of San Francisco,Arctic Monkeys,"Whatever People Say I Am, That's What I'm Not",Hochzeitsliste,Playlist track,GBCEL0501182
Where Is My Mind?,Pixies,Surfer Rosa (Remastered),Hochzeitsliste,Playlist track,GBAFL0700145
Yeah Yeah Yeah,New Politics,New Politics,Hochzeitsliste,Playlist track,USRC11000236
Hate To Say I Told You So,The Hives,Veni Vidi Vicious,Hochzeitsliste,Playlist track,SEVHC0007060
Are You Gonna Be My Girl,Jet,Get Born,Hochzeitsliste,Playlist track,USEE10340526
When Did Your Heart Go Missing?,Rooney,Calling The World,Hochzeitsliste,Playlist track,USUM70726685
Young Folks,Peter Bjorn and John,Electronic Beats Collectables Volume 1 Digital,Hochzeitsliste,Playlist track,ATW050777560
Kids in America,The Muffs,Hamburger,Hochzeitsliste,Playlist track,USQY50972559
I'm Yours,Jason Mraz,We Sing. We Dance. We Steal Things.,Hochzeitsliste,Playlist track,USEE10800667
Walk Idiot Walk,The Hives,Tyrannosaurus Hives,Hochzeitsliste,Playlist track,GBAKW0400379
Fuck You,Lily Allen,"It's Not Me, It's You",Hochzeitsliste,Playlist track,GBAYE0802265
Supermassive Black Hole,Muse,Black Holes And Revelations,Hochzeitsliste,Playlist track,GBAHT0500593
Don't Speak,No Doubt,Tragic Kingdom,Hochzeitsliste,Playlist track,USIR19500279
2002,Anne-Marie,2002,Hochzeitsliste,Playlist track,GBAHS1800094
Your Song,Rita Ora,Your Song,Hochzeitsliste,Playlist track,GBAHT1700323
I'll Be There,Jess Glynne,I'll Be There,Hochzeitsliste,Playlist track,GBAHS1800322
Havana,Camila Cabello,Havana,Hochzeitsliste,Playlist track,USSM11706905
Shake It Off,Taylor Swift,1989,Hochzeitsliste,Playlist track,USCJY1431349
Flames,David Guetta,Flames,Hochzeitsliste,Playlist track,GB28K1800010
Échame La Culpa,Luis Fonsi,Échame La Culpa,Hochzeitsliste,Playlist track,USUM71712163
"Taki Taki (with Selena Gomez, Ozuna & Cardi B)",DJ Snake,"Taki Taki (with Selena Gomez, Ozuna & Cardi B)",Hochzeitsliste,Playlist track,USUG11801723
Price Tag,Jessie J,Who You Are (Platinum Edition),Hochzeitsliste,Playlist track,USUM71029357
Domino,Jessie J,Who You Are (Platinum Edition),Hochzeitsliste,Playlist track,USUM71113573
Sweet but Psycho,Ava Max,Sweet but Psycho,Hochzeitsliste,Playlist track,USAT21802011
Let You Love Me,Rita Ora,Let You Love Me,Hochzeitsliste,Playlist track,GBAHS1800674
Aicha,Moe Phoenix,Aicha,Hochzeitsliste,Playlist track,DE2DY1801424
Chöre,Mark Forster,TAPE (Kogong Version),Hochzeitsliste,Playlist track,DEQ321600148
Sowieso - Radio Version,Mark Forster,Sowieso (Radio Version),Hochzeitsliste,Playlist track,DEQ321700052
Remind Me to Forget,Kygo,Kids in Love,Hochzeitsliste,Playlist track,SEBGA1800417
Stargazing,Kygo,Stargazing - EP,Hochzeitsliste,Playlist track,SEBGA1700242
Stole the Show,Kygo,Cloud Nine,Hochzeitsliste,Playlist track,SEBGA1500071
Firestone (feat. Conrad Sewell),Kygo,Cloud Nine,Hochzeitsliste,Playlist track,SEBGA1400887
Stay (feat. Maty Noyes),Kygo,Cloud Nine,Hochzeitsliste,Playlist track,SEBGA1500364
Nobody Else,Axwell,Nobody Else,Hochzeitsliste,Playlist track,GBKCF1800706
Girls Like You (feat. Cardi B),Maroon 5,Red Pill Blues (Deluxe),Hochzeitsliste,Playlist track,USUM71805272
Magisch,Olexesh,Radioaktiv,Hochzeitsliste,Playlist track,DEVY21800006
Rise,Jonas Blue,Blue,Hochzeitsliste,Playlist track,GBUM71802109
Rooftop,Nico Santos,Streets Of Gold,Hochzeitsliste,Playlist track,DEUM71723675
The Middle,Zedd,The Middle,Hochzeitsliste,Playlist track,USUM71800463
Whatcha Say - 2016 Platinum Hits version,Jason Derulo,Platinum Hits,Hochzeitsliste,Playlist track,USWB11601127
Can't Hold Us (feat. Ray Dalton),Macklemore & Ryan Lewis,The Heist [Deluxe Edition],Hochzeitsliste,Playlist track,GMM881200002
Turn Me On,Kevin Lyttle,Turn Me On (Online Music),Hochzeitsliste,Playlist track,USAT20400415
Love Is Gone - Fred Riester & Joachim Garraud Radio Edit Rmx,David Guetta,Pop Life,Hochzeitsliste,Playlist track,FRZID0700050
How You Remind Me,Nickelback,The Best Of Nickelback Volume 1,Hochzeitsliste,Playlist track,NLA321393034
Rather Be (feat. Jess Glynne),Clean Bandit,New Eyes,Hochzeitsliste,Playlist track,GBAHS1300498
I'm Gonna Be (500 Miles),The Proclaimers,Finest,Hochzeitsliste,Playlist track,GBAYK8800055
Baby Boy (feat. Beyoncé ),Sean Paul,Dutty Classics Collection,Hochzeitsliste,Playlist track,USSM10305420
One More Time - Short Radio Edit,Daft Punk,One More Time,Hochzeitsliste,Playlist track,GBDUW0000054
When Love Takes Over (feat. Kelly Rowland),David Guetta,One More Love,Hochzeitsliste,Playlist track,FRZID0900200
Stereo Hearts (feat. Adam Levine),Gym Class Heroes,The Papercut Chronicles II,Hochzeitsliste,Playlist track,USAT21101071
Kiss Me,Sixpence None The Richer,Return of the 90s,Hochzeitsliste,Playlist track,USEE11200775
Hung Up - Radio Version,Madonna,Hung Up,Hochzeitsliste,Playlist track,USWB10504642
Everytime We Touch - Radio Edit,Cascada,Everytime We Touch,Hochzeitsliste,Playlist track,DEZ620500053
San Francisco,Cascada,Original Me,Hochzeitsliste,Playlist track,DEHK91132901
Evacuate The Dancefloor,Cascada,Evacuate The Dancefloor,Hochzeitsliste,Playlist track,DEHK90911201
Oh Child,Robin Schulz,Uncovered,Hochzeitsliste,Playlist track,DEA621701170
Waves - Robin Schulz Radio Edit,Mr. Probz,Dancefloor Hits,Hochzeitsliste,Playlist track,NLB8R1400002
Am I Wrong,Nico & Vinz,Black Star Elephant,Hochzeitsliste,Playlist track,USWB11304681
Treasure,Bruno Mars,Unorthodox Jukebox,Hochzeitsliste,Playlist track,USAT21206909
Shape of You,Ed Sheeran,÷ (Deluxe),Hochzeitsliste,Playlist track,GBAHS1600463
Je veux,Zaz,Zaz,Hochzeitsliste,Playlist track,FR2PY1000010
Like Glue,Sean Paul,Dutty Rock,Hochzeitsliste,Playlist track,USAT20202579
Release Me,Agnes,Release Me,Hochzeitsliste,Playlist track,USUM70979518
Heaven (featuring Do),DJ Sammy,Heaven,Hochzeitsliste,Playlist track,USRE50200231
Call On Me - Radio Edit,Eric Prydz,Call On Me,Hochzeitsliste,Playlist track,GBCEN0400130
Heartbroken - Edit,T2,Heartbroken,Hochzeitsliste,Playlist track,GBCFZ1700089
L'Amour Toujours,Gigi D'Agostino,Top 100 Greatest Dance Hits,Hochzeitsliste,Playlist track,NLS241000174
Put Your Hands Up for Detroit - MC Mario Edit,Fedde Le Grand,Put Your Hands Up For Detroit,Hochzeitsliste,Playlist track,GBHAD0600276
Pjanoo - Radio Edit,Eric Prydz,Pjanoo,Hochzeitsliste,Playlist track,GBCEN0800951
Love Generation,Bob Sinclar,Western Dream,Hochzeitsliste,Playlist track,FR4E40500170
Let's Get Loud,Jennifer Lopez,On The 6,Hochzeitsliste,Playlist track,USSM19900597
Miami,Will Smith,Big Willie Style,Hochzeitsliste,Playlist track,USSM19702697
More and More - Single Version,Captain Hollywood Project,More And More,Hochzeitsliste,Playlist track,DEMI60900092
I Can't Dance,Genesis,The Platinum Collection,Hochzeitsliste,Playlist track,GBAAA9100049
Over My Shoulder,Mike & The Mechanics,Beggar On A Beach Of Gold,Hochzeitsliste,Playlist track,GBAAA9500015
Genie in a Bottle,Christina Aguilera,Christina Aguilera,Hochzeitsliste,Playlist track,USRC19900032
To Be With You,Mr. Big,Deep Cuts: The Best Of The Ballads,Hochzeitsliste,Playlist track,USAT20302609
How Much Is The Fish?,Scooter,No Time to Chill,Hochzeitsliste,Playlist track,DEN270200133
Sunchyme,Dario G,Sunmachine,Hochzeitsliste,Playlist track,GBAHT9802853
When You're Gone,Bryan Adams,On A Day Like Today,Hochzeitsliste,Playlist track,USAM19800328
Who Let The Dogs Out,Baha Men,Who Let The Dogs Out,Hochzeitsliste,Playlist track,USSC90000001
When You Look At Me - Original Version/Radio Edit,Christina Milian,Christina Milian,Hochzeitsliste,Playlist track,USIR20110361
Lasse redn,Die Ärzte,Jazz ist anders,Hochzeitsliste,Playlist track,DEUM70708298
All Rise,Blue,Best Of Blue,Hochzeitsliste,Playlist track,GBAAA0100115
Toxic,Britney Spears,In The Zone,Hochzeitsliste,Playlist track,USJI10301005
You And I,Lady Gaga,Born This Way (International Special Edition Version),Hochzeitsliste,Playlist track,USUM71106457
Total Eclipse of the Heart,Bonnie Tyler,The Very Best Of Bonnie Tyler,Hochzeitsliste,Playlist track,GBBBN8300002
Marry The Night,Lady Gaga,Born This Way (International Special Edition Version),Hochzeitsliste,Playlist track,USUM71106431
The Edge Of Glory,Lady Gaga,Born This Way (International Special Edition Version),Hochzeitsliste,Playlist track,USUM71106458
Pon de Replay,Rihanna,Music Of The Sun,Hochzeitsliste,Playlist track,USIR20500331
TiK ToK,Kesha,Pure... 2000s Party,Hochzeitsliste,Playlist track,USRC10900433
Survivor,Destiny's Child,Survivor,Hochzeitsliste,Playlist track,USSM10019326
In My Head,Jason Derulo,Jason Derulo (International),Hochzeitsliste,Playlist track,USWB10904633
Don't Stop The Music,Rihanna,Good Girl Gone Bad: Reloaded,Hochzeitsliste,Playlist track,USUM70734700
I Knew You Were Trouble,Taylor Swift,Red,Hochzeitsliste,Playlist track,USCJY1231039
A Thousand Miles - Single Version,Vanessa Carlton,A Thousand Miles (Enhanced),Hochzeitsliste,Playlist track,USIR10139448
Break Your Heart,Taio Cruz,Break Your Heart,Hochzeitsliste,Playlist track,GBUM70908662
"Hey, Soul Sister",Train,"Hey, Soul Sister",Hochzeitsliste,Playlist track,USSM10904113
Since U Been Gone,Kelly Clarkson,Since U Been Gone,Hochzeitsliste,Playlist track,GBCTA0400231
Hall of Fame,The Script,#3,Hochzeitsliste,Playlist track,GBARL1201055
Shackles (Praise You),Mary Mary,Go Get It,Hochzeitsliste,Playlist track,USSM19922334
Hollaback Girl,Gwen Stefani,Love Angel Music Baby,Hochzeitsliste,Playlist track,USIR10400847
Fergalicious,Fergie,The Dutchess,Hochzeitsliste,Playlist track,USUM70609117
Follow Me,Uncle Kracker,Double Wide,Hochzeitsliste,Playlist track,USAT20001583
I Know You Want Me (Calle Ocho),Pitbull,Pitbull Starring In Rebelution,Hochzeitsliste,Playlist track,USJAY0900144
Love Song,Sara Bareilles,Little Voice,Hochzeitsliste,Playlist track,USSM10700066
Gasolina,Daddy Yankee,Barrio Fino (Bonus Track Version),Hochzeitsliste,Playlist track,QM6N21759342
Complicated,Avril Lavigne,Let Go,Hochzeitsliste,Playlist track,USAR10200223
Glamorous,Fergie,The Dutchess,Hochzeitsliste,Playlist track,USUM70609119
Dilemma,Nelly,Nellyville,Hochzeitsliste,Playlist track,USUR10200370
Bootylicious,Destiny's Child,Survivor,Hochzeitsliste,Playlist track,USSM10102677
Barbra Streisand - Radio Edit,Duck Sauce,Barbra Streisand,Hochzeitsliste,Playlist track,GBSXS1000131
Call On Me - Ryan Riback Extended Remix,Starley,Call On Me (Remixes),Hochzeitsliste,Playlist track,GBCFZ1600063
Castle on the Hill,Ed Sheeran,÷ (Deluxe),Hochzeitsliste,Playlist track,GBAHS1600462
Stop,Spice Girls,Spiceworld,Hochzeitsliste,Playlist track,GBAAA9710053
Man! I Feel Like A Woman!,Shania Twain,Come On Over,Hochzeitsliste,Playlist track,USMR19887508
Pony,Ginuwine,R&B: From Doo-Wop To Hip-Hop,Hochzeitsliste,Playlist track,USSM19605851
Come on over Baby (All I Want Is You) - Radio Version,Christina Aguilera,Christina Aguilera (Expanded Edition),Hochzeitsliste,Playlist track,USRC10000532
Livin' la Vida Loca,Ricky Martin,Ricky Martin,Hochzeitsliste,Playlist track,NLB639920005
Time to Wonder,Fury In The Slaughterhouse,30 - The Ultimate Best of Collection,Hochzeitsliste,Playlist track,DEQR41700574
Caledonia,Rapalje,Celtic Fire,Hochzeitsliste,Playlist track,TCAAS1010540
Pour Some Sugar On Me - Remastered 2017,Def Leppard,Hysteria (Super Deluxe),Hochzeitsliste,Playlist track,GBUM71701307
I Write Sins Not Tragedies,Panic! At The Disco,A Fever You Can't Sweat Out,Hochzeitsliste,Playlist track,US56V0507710
All The Small Things,blink-182,Enema Of The State,Hochzeitsliste,Playlist track,USMC19959123
Semi-Charmed Life,Third Eye Blind,Third Eye Blind,Hochzeitsliste,Playlist track,USEE19701203
I Don't Care As Long As You Sing,Beatsteaks,23 Singles,Hochzeitsliste,Playlist track,DEA621501218
Hand in Hand,Beatsteaks,Smack Smash (German Version),Hochzeitsliste,Playlist track,NLB390410050
Let Me In,Beatsteaks,23 Singles,Hochzeitsliste,Playlist track,DEA621501215
Best of You,Foo Fighters,In Your Honor,Hochzeitsliste,Playlist track,USRW30500001
Should I Stay or Should I Go - Remastered,The Clash,Hits Back,Hochzeitsliste,Playlist track,GBARL1200670
Sweet Child O' Mine,Guns N' Roses,Appetite For Destruction,Hochzeitsliste,Playlist track,USGF18714809
Island In The Sun,Weezer,Weezer (Green Album),Hochzeitsliste,Playlist track,USIR10110358
Born To Be Wild - Single Version,Steppenwolf,Steppenwolf,Hochzeitsliste,Playlist track,USMC16846563
Are You Gonna Go My Way,Lenny Kravitz,Are You Gonna Go My Way,Hochzeitsliste,Playlist track,USVI29300001
A Girl Like You,Edwyn Collins,Gorgeous George,Hochzeitsliste,Playlist track,GB72T1100001
Lords of the Boards,Guano Apes,The Best and The Lost (T)apes,Hochzeitsliste,Playlist track,DEC689800042
Get It On,T. Rex,Electric Warrior (Deluxe Edition),Hochzeitsliste,Playlist track,GBCHM7100038
Billie Jean,Michael Jackson,Thriller 25 Super Deluxe Edition,Hochzeitsliste,Playlist track,USSM19902991
I Wanna Dance with Somebody (Who Loves Me),Whitney Houston,Whitney,Hochzeitsliste,Playlist track,USAR18700121
Cake By The Ocean,DNCE,DNCE,Hochzeitsliste,Playlist track,USUM71514637
Rock DJ,Robbie Williams,Sing When You're Winning,Hochzeitsliste,Playlist track,GBAYK0000160
Footloose,Kenny Loggins,Clasicos Del Cine,Hochzeitsliste,Playlist track,USSM18400107
Play That Funky Music,Wild Cherry,Wild Cherry,Hochzeitsliste,Playlist track,USSM19912699
Move Your Feet,Junior Senior,D-D-Don't Don't Stop The Beat,Hochzeitsliste,Playlist track,dkmfa0300203
Boogie Wonderland,"Earth, Wind & Fire",I Am,Hochzeitsliste,Playlist track,USSM19922860
Touch The Sky,Kanye West,Late Registration,Hochzeitsliste,Playlist track,USUM70502527
Tequila (Original),The Champs,Tequila,Hochzeitsliste,Playlist track,USDPS0610074
Think,Aretha Franklin,Aretha Now,Hochzeitsliste,Playlist track,USAT20801206
Heat Of The Moment,Asia,Asia,Hochzeitsliste,Playlist track,USGF18200801
Vagabund,Bausa,Vagabund,Hochzeitsliste,Playlist track,DEA621801145
Lena,Pur,Nichts Ohne Grund,Hochzeitsliste,Playlist track,DEA349102148
Doo Wop (That Thing) - Edit,Ms. Lauryn Hill,"R&B - 100 Hits - The Greatest R n B album - 100 R & B Classics featuring Usher, Pitbull and Justin Timberlake",Hochzeitsliste,Playlist track,USSM19801287
This Is How We Do It,Montell Jordan,This Is How We Do It,Hochzeitsliste,Playlist track,USRL19500006
Stayin' Alive - Remastered Version,Bee Gees,Number Ones,Hochzeitsliste,Playlist track,USRH10650365
He's the Greatest Dancer,Sister Sledge,Atlantic 60th: On The Dance Floor Vol. 2,Hochzeitsliste,Playlist track,USAT20102201
Symphony (feat. Zara Larsson),Clean Bandit,Symphony (feat. Zara Larsson),Hochzeitsliste,Playlist track,GBAHS1700199
Without You (feat. Sandro Cavazza),Avicii,AVĪCI (01),Hochzeitsliste,Playlist track,SE5R71700101
Dirty Harry,Gorillaz,Demon Days,Hochzeitsliste,Playlist track,GBAYE0402431
Low Rider,War,"The Best of WAR and More, Vol. 1",Hochzeitsliste,Playlist track,USSM11504236
Flower,Moby,Play - The B Sides,Hochzeitsliste,Playlist track,GBAJH0000377
We Belong - Radio Edit,Ferry Corsten,We Belong,Hochzeitsliste,Playlist track,NLQ880900446
For An Angel - PvD Angel In Heaven Mix / Radio Edit,Paul van Dyk,For An Angel,Hochzeitsliste,Playlist track,DEW760900106
Nothing but You,Paul van Dyk,Reflections,Hochzeitsliste,Playlist track,DEW760300013
17,MK,17,Hochzeitsliste,Playlist track,GBARL1701492
Cantaloop (Flip Fantasia),Us3,Hand On The Torch,Hochzeitsliste,Playlist track,USBN29300054
You're the Voice,John Farnham,Whispering Jack,Hochzeitsliste,Playlist track,AUBM08641001
Alone,Heart,Bad Animals,Hochzeitsliste,Playlist track,USCA28700690
Sexual Healing - Kygo Remix,Marvin Gaye,Sexual Healing (Kygo Remix),Hochzeitsliste,Playlist track,USSM11409378
Cheerleader (Felix Jaehn Remix) - Radio Edit,OMI,Cheerleader (Felix Jaehn Remix Radio Edit),Hochzeitsliste,Playlist track,USUS11202574
Nobody To Love - Extended Mix,Sigma,Nobody To Love,Hochzeitsliste,Playlist track,GBCFZ1400054
Don't Wanna Go Home,Jason Derulo,Future History (Deluxe Version),Hochzeitsliste,Playlist track,USWB11101043
No Games - Hedonism Remix,Serani,No Games (Hedonism Remix),Hochzeitsliste,Playlist track,DEE861500320
Get Ugly,Jason Derulo,Get Ugly,Hochzeitsliste,Playlist track,USWB11504036
Paradise (feat. KStewart),Matoma,Paradise (feat. KStewart),Hochzeitsliste,Playlist track,GBAYE1600419
Cold Water (feat. Justin Bieber & MØ),Major Lazer,Cold Water (feat. Justin Bieber & MØ),Hochzeitsliste,Playlist track,QMUY41600027
Perfect Strangers,Jonas Blue,Perfect Strangers,Hochzeitsliste,Playlist track,GBUM71602437
Shed a Light,Robin Schulz,Shed A Light,Hochzeitsliste,Playlist track,DEA621602181
New Girl,Reggie N Bollie,New Girl,Hochzeitsliste,Playlist track,GBHMU1600013
Call on Me - Ryan Riback Remix,Starley,Call On Me (Remixes),Hochzeitsliste,Playlist track,AUCN31209086
Africa - Radio Version,BACALL,Africa,Hochzeitsliste,Playlist track,SEUM71600852
Hey Mamma - Radio Edit,Sunstroke Project,Hey Mamma,Hochzeitsliste,Playlist track,USLZJ1707380
Despacito (Featuring Daddy Yankee),Luis Fonsi,Despacito (Featuring Daddy Yankee),Hochzeitsliste,Playlist track,USUM71607007
Scared of Love (feat. RAY BLK & Stefflon Don),Rudimental,Scared of Love (feat. RAY BLK & Stefflon Don),Hochzeitsliste,Playlist track,GBAHS1800375
"Know No Better (feat. Travis Scott, Camila Cabello & Quavo)",Major Lazer,Know No Better,Hochzeitsliste,Playlist track,QMUY41700058
Two Princes - Radio Mix,Fake Pictures,Two Princes (Radio Mix),Hochzeitsliste,Playlist track,DEUM71700015
Seasons - Mastiksoul Island Mix,Shaggy,Seasons (Mastiksoul Island Mix),Hochzeitsliste,Playlist track,USQX91700915
Did You See,J Hus,Common Sense,Hochzeitsliste,Playlist track,GBARL1700098
Just For One Night (feat. Astrid S),Blonde,Just For One Night (feat. Astrid S),Hochzeitsliste,Playlist track,GBAYE1702915
Sun Comes Up (feat. James Arthur),Rudimental,Sun Comes Up (feat. James Arthur),Hochzeitsliste,Playlist track,GBAHS1700559
New Rules,Dua Lipa,Dua Lipa,Hochzeitsliste,Playlist track,DEUM71601962
Pony,Ginuwine,Ginuwine... The Bachelor,Hochzeitsliste,Playlist track,USSM19601388
Me Rehúso,Danny Ocean,Me Rehúso,Hochzeitsliste,Playlist track,USWL11700128
Tipsy - Club Mix,J-Kwon,Tipsy,Hochzeitsliste,Playlist track,USAR10301217
"Like A Riddle (feat. Hearts & Colors, Adam Trigger)",Felix Jaehn,"Like A Riddle (feat. Hearts & Colors, Adam Trigger)",Hochzeitsliste,Playlist track,DEUM71723056
Fly On The Wings Of Love,Brødrene Olsen,Wings Of Love,Hochzeitsliste,Playlist track,DKABA1100240
Anywhere,Rita Ora,Anywhere,Hochzeitsliste,Playlist track,GBAHS1701111
More Than Friends,James Hype,More Than Friends,Hochzeitsliste,Playlist track,GBAHT1700515
"Best Friend (feat. NERVO, The Knocks & ALISA UENO)",Sofi Tukker,"Best Friend (feat. NERVO, The Knocks & ALISA UENO)",Hochzeitsliste,Playlist track,QM37X1700011
Under the Bridge (feat. Sergio Sylvestre),PANG!,Under the Bridge (feat. Sergio Sylvestre),Hochzeitsliste,Playlist track,SEBGA1700441
Miss You (with Major Lazer & Tory Lanez),Cashmere Cat,Miss You (with Major Lazer & Tory Lanez),Hochzeitsliste,Playlist track,USUM71713848
Drink About,Seeb,Drink About,Hochzeitsliste,Playlist track,NOUM71800038
Rise,Jonas Blue,Rise,Hochzeitsliste,Playlist track,GBUM71802109
Answerphone (feat. Yxng Bane),Banx & Ranx,Answerphone (feat. Yxng Bane),Hochzeitsliste,Playlist track,GBAYE1800222
In My Mind,Dynoro,In My Mind,Hochzeitsliste,Playlist track,QZ22B1859046
Body,Loud Luxury,Body,Hochzeitsliste,Playlist track,NLF711710457
La même,Maître Gims,Ceinture noire,Hochzeitsliste,Playlist track,FR9W11803167
Mek It Bunx Up - Radio Mix,DeeWunn,Mek It Bunx Up,Hochzeitsliste,Playlist track,JMA271300697
Tamam Tamam,Summer Cem,Endstufe (Deluxe Edition),Hochzeitsliste,Playlist track,DEA621800476
Grey,Kölsch,Speicher 93,Hochzeitsliste,Playlist track,DEU671600219
Ohne mein Team,Bonez MC,Palmen aus Plastik,Hochzeitsliste,Playlist track,DETX91500281
"Standard (feat. Trettmann, Gringo, Ufo361 & Gzuz)",KitschKrieg,"Standard (feat. Trettmann, Gringo, Ufo361 & Gzuz)",Hochzeitsliste,Playlist track,DELV41801573
Run Up (feat. PARTYNEXTDOOR & Nicki Minaj),Major Lazer,Major Lazer Essentials,Hochzeitsliste,Playlist track,QMUY41600121
Let's Get It Started,The Black Eyed Peas,Summer Party,Hochzeitsliste,Playlist track,USIR10400344
Don't Make Me Wait (with Shaggy),Sting,44/876 (Deluxe),Hochzeitsliste,Playlist track,USUM71800112
Hard Times,Paramore,After Laughter,Hochzeitsliste,Playlist track,USAT21700948
And We Danced (feat. Ziggy Stardust),Macklemore,The Unplanned Mixtape,Hochzeitsliste,Playlist track,usx9p0979406
Giant (with Rag'n'Bone Man),Calvin Harris,Giant (with Rag'n'Bone Man),Hochzeitsliste,Playlist track,GBARL1801703
1ste Liebe,Max Herre,Max Herre,Hochzeitsliste,Playlist track,DEQ320400137
Moves Like Jagger - Studio Recording From The Voice Performance,Maroon 5,Hands All Over,Hochzeitsliste,Playlist track,USUM71109132
Let Me Hold You (Turn Me On),Dante Klein,Let Me Hold You (Turn Me On),Hochzeitsliste,Playlist track,NLZ541600032
Danza Kuduro,Lucenzo,Danza Kuduro,Hochzeitsliste,Playlist track,FR43Y1100020
I Wanna Dance with Somebody (Who Loves Me),Whitney Houston,Pure... 80's Dance Party,Hochzeitsliste,Playlist track,USAR18700121
Rather Be (feat. Jess Glynne),Clean Bandit,New Eyes,Hochzeitsliste,Playlist track,GBAHS1300498
Last Friday Night (T.G.I.F.),Katy Perry,Katy Perry - Teenage Dream: The Complete Confection,Hochzeitsliste,Playlist track,USCA21001264
Sweet Lovin' (feat. Bryn Christopher) - Radio Edit,Sigala,Sweet Lovin' (feat. Bryn Christopher),Hochzeitsliste,Playlist track,GBCEN1501213
Promises (with Sam Smith) - MK Remix,Calvin Harris,Promises (with Sam Smith) [Remixes],Hochzeitsliste,Playlist track,GBARL1801464
Little Hollywood,Alle Farben,Little Hollywood,Hochzeitsliste,Playlist track,DEE861700489
I Will Never Let You Down,Rita Ora,I Will Never Let You Down,Hochzeitsliste,Playlist track,USQX91400359
Gib Ihm,Shirin David,Gib Ihm,Hochzeitsliste,Playlist track,DECE71900070
I'll Be There,Jess Glynne,Always In Between (Deluxe),Hochzeitsliste,Playlist track,GBAHS1800322
"These Days (feat. Jess Glynne, Macklemore & Dan Caplen)",Rudimental,Toast to our Differences (Deluxe),Hochzeitsliste,Playlist track,GBAHS1701239
Hold My Hand,Jess Glynne,Hold My Hand,Hochzeitsliste,Playlist track,GBAHS1500049
Keep On Movin',Five,Invincible,Hochzeitsliste,Playlist track,GBARL9900105
Open Up,Matt Simons,Open Up,Hochzeitsliste,Playlist track,NLE3T1400081
Do It Again,Pia Mia,Do It Again,Hochzeitsliste,Playlist track,USUM71505606
Don't Stop Me Now - Remastered,Queen,Jazz (2011 Remaster),Hochzeitsliste,Playlist track,GBUM71029610
Under Pressure - Remastered,Queen,Hot Space (2011 Remaster),Hochzeitsliste,Playlist track,GBUM71029622
Another One Bites The Dust - Remastered 2011,Queen,The Game (2011 Remaster),Hochzeitsliste,Playlist track,GBUM71029605
Bohemian Rhapsody - Remastered 2011,Queen,A Night At The Opera (2011 Remaster),Hochzeitsliste,Playlist track,GBUM71029604
In Too Deep,Sum 41,"All Killer, No Filler",Hochzeitsliste,Playlist track,USIR20110114
Fat Lip,Sum 41,"All Killer, No Filler",Hochzeitsliste,Playlist track,USIR20110124
Welcome To The Jungle,Guns N' Roses,Appetite For Destruction,Hochzeitsliste,Playlist track,USGF18714801
Kings And Queens,Thirty Seconds To Mars,This Is War,Hochzeitsliste,Playlist track,USVI20900397
Gib mir dein Lächeln,Vona,Alles was ich hab,Hochzeitsliste,Playlist track,DEW921401055
Keine Rosen,Teesy,Glücksrezepte,Hochzeitsliste,Playlist track,DEW921300439
Ich war noch niemals in New York,Udo Jürgens,"Mach dir deine Welt, wie sie dir gefällt",Hochzeitsliste,Playlist track,DEA818200038
Ich Bin Solo,Mickie Krause,Ich Bin Solo,Hochzeitsliste,Playlist track,DEC611000424
Lotusblume,Tobee,Oktoberfest 2008,Hochzeitsliste,Playlist track,DEEQ80700017
Sweet Caroline,Apres Ski Partygang,Best Of Apres Ski Party / CD 1,Hochzeitsliste,Playlist track,ATT250915830
Shotgun,George Ezra,Staying at Tamara's,Hochzeitsliste,Playlist track,GBARL1701372
Leev Marie,Paveier,Leev Marie,Hochzeitsliste,Playlist track,DED191500038
Pur Hitmix,Partynator,"Ski, Schnee Und Schnaps 2008",Hochzeitsliste,Playlist track,DEZ520601006
Moviestar,Harpo,Moviestar,Hochzeitsliste,Playlist track,SEAMA7640010
Star Wars Main Title Theme/catina Band (Intergalatic Radio Mix),The Hit Crew,Greatest Sci-fi Themes,Hochzeitsliste,Playlist track,US2Y30747208
Changes,Faul & Wad Ad,Changes,Hochzeitsliste,Playlist track,DEQ321300420
Smack My Bitch Up,The Prodigy,The Fat of the Land,Hochzeitsliste,Playlist track,GBBKS9700073
Every Gig has a Neighbour,The Brew,A Million Dead Stars,Hochzeitsliste,Playlist track,DEFL71000230
Dry My Soul,Amanda Jenssen,Hymns For The Haunted,Hochzeitsliste,Playlist track,SEBGA1200022
Fallschirm,Mia.,Tacheles,Hochzeitsliste,Playlist track,DEUM71104089
More Than You Know,Axwell /\ Ingrosso,More Than You Know,Hochzeitsliste,Playlist track,GBUM71701735
Rooftop - HUGEL Remix,Nico Santos,Rooftop (HUGEL Remix),Hochzeitsliste,Playlist track,DEUM71725051
Wild Ones (feat. Sia),Flo Rida,Wild Ones,Hochzeitsliste,Playlist track,USAT21104103
Ab in den Süden,Buddy,Dschungel Fieber 2014 - Dschungel Party Hits der Stars,Hochzeitsliste,Playlist track,DEZ921300172
Walking On Sunshine,Katrina & The Waves,Katrina & The Waves,Hochzeitsliste,Playlist track,USCA28500452
Superstar,Jamelia,Jamelia - The Collection,Hochzeitsliste,Playlist track,GBAYE0202055
Cake By The Ocean,DNCE,Cake By The Ocean,Hochzeitsliste,Playlist track,USUM71514637
Ding,Seeed,Next!,Hochzeitsliste,Playlist track,DEA610500339
Bilder von Dir,Laith Al-Deen,2000 - 2008: Best Of,Hochzeitsliste,Playlist track,DEE860000316
Summer Jam - Radio Edit,The Underdog Project,Summer Jam,Hochzeitsliste,Playlist track,DEN060000101
All Summer Long,Kid Rock,All Summer Long (International),Hochzeitsliste,Playlist track,USAT20704333
I Got You (I Feel Good),James Brown,Golden Moments,Hochzeitsliste,Playlist track,USF066500010
Ring of Fire,Johnny Cash,The Essential Johnny Cash,Hochzeitsliste,Playlist track,USSM19917137
Rocket Man (I Think It's Going To Be A Long Long Time),Elton John,Honky Chateau (Remastered),Hochzeitsliste,Playlist track,GBAMB7200006
Cheerleader - Felix Jaehn Remix Radio Edit,OMI,Me 4 U,Hochzeitsliste,Playlist track,USUS11202574
Take On Me,a-ha,Rhino Hi-Five: A-Ha,Hochzeitsliste,Playlist track,USWB19901214
Dancing in the Moonlight,Toploader,Dancing In The Moonlight: The Best Of Toploader,Hochzeitsliste,Playlist track,GBBBL9902165
Animals,Maroon 5,V (Deluxe),Hochzeitsliste,Playlist track,USUM71409576
Funky Cold Medina,Tone-Loc,Loc-ed After Dark,Hochzeitsliste,Playlist track,USA370507637
Get the Party Started,P!nk,M!ssundaztood,Hochzeitsliste,Playlist track,USAR10100717
Ice Ice Baby,Vanilla Ice,Vanilla Ice Is Back! - Hip Hop Classics,Hochzeitsliste,Playlist track,USA560845821
Geronimo,Sheppard,Geronimo,Hochzeitsliste,Playlist track,AUIYA1400002
Eye of the Tiger,Survivor,Rocky IV,Hochzeitsliste,Playlist track,USVR19600010
There Is a Party,DJ Bobo,There Is a Party,Hochzeitsliste,Playlist track,DEMI69400003
Call Me Maybe,Carly Rae Jepsen,Call Me Maybe,Hochzeitsliste,Playlist track,CAB391100615
Wannabe,Spice Girls,Spice,Hochzeitsliste,Playlist track,GBAAA9600008
Helikopter 117 (Mach' den Hub Hub Hub),Tobee,Helikopter 117 (Mach' den Hub Hub Hub),Hochzeitsliste,Playlist track,DEEQ81700134
Copacabana - Kaluma Remix,Leon Machère,Copacabana (Kaluma Remix),Hochzeitsliste,Playlist track,DEQS81200092
Ohne mein Team,Bonez MC,Palmen aus Plastik,Hochzeitsliste,Playlist track,DETX91500281
Open Up,Matt Simons,Open Up,Hochzeitsliste,Playlist track,NLE3T1400081
Why so Serious,Alice Merton,Why so Serious,Hochzeitsliste,Playlist track,DEVQ71800002
